RNAP,x,t
0,0.0,100.76
1953,0.0,100.76
3906,0.0,100.76
837,0.0,100.76
2790,0.0,100.76
4743,0.0,100.76
1674,0.08,100.76
3627,0.0,100.76
5580,0.0,100.76
558,0.16,100.76
2511,0.0,100.76
4464,0.0,100.76
1395,0.0,100.76
3348,0.0,100.76
5301,0.0,100.76
279,0.72,100.76
2232,0.0,100.76
4185,0.0,100.76
1116,0.04,100.76
3069,0.0,100.76
5022,0.0,100.76
0,0.0,200.96
1953,0.0,200.96
3906,0.0,200.96
837,0.0,200.96
2790,0.08,200.96
4743,0.0,200.96
1674,0.0,200.96
3627,0.0,200.96
5580,0.0,200.96
558,0.24,200.96
2511,0.04,200.96
4464,0.0,200.96
1395,0.0,200.96
3348,0.0,200.96
5301,0.0,200.96
279,0.64,200.96
2232,0.0,200.96
4185,0.0,200.96
1116,0.0,200.96
3069,0.0,200.96
5022,0.0,200.96
0,0.0,300.14
1953,0.0,300.14
3906,0.0357142857143,300.14
837,0.0357142857143,300.14
2790,0.0,300.14
4743,0.0,300.14
1674,0.0,300.14
3627,0.0357142857143,300.14
5580,0.0,300.14
558,0.178571428571,300.14
2511,0.0,300.14
4464,0.0,300.14
1395,0.0,300.14
3348,0.0357142857143,300.14
5301,0.0,300.14
279,0.642857142857,300.14
2232,0.0,300.14
4185,0.0,300.14
1116,0.0357142857143,300.14
3069,0.0,300.14
5022,0.0,300.14
0,0.0,400.09
1953,0.0357142857143,400.09
3906,0.0,400.09
837,0.0,400.09
2790,0.0,400.09
4743,0.0,400.09
1674,0.0714285714286,400.09
3627,0.0,400.09
5580,0.0,400.09
558,0.107142857143,400.09
2511,0.0,400.09
4464,0.0357142857143,400.09
1395,0.0,400.09
3348,0.0,400.09
5301,0.0,400.09
279,0.571428571429,400.09
2232,0.0,400.09
4185,0.0357142857143,400.09
1116,0.107142857143,400.09
3069,0.0,400.09
5022,0.0357142857143,400.09
0,0.0,500.43
1953,0.037037037037,500.43
3906,0.0,500.43
837,0.037037037037,500.43
2790,0.037037037037,500.43
4743,0.0,500.43
1674,0.037037037037,500.43
3627,0.0,500.43
5580,0.0,500.43
558,0.037037037037,500.43
2511,0.0740740740741,500.43
4464,0.0,500.43
1395,0.037037037037,500.43
3348,0.0,500.43
5301,0.0740740740741,500.43
279,0.555555555556,500.43
2232,0.037037037037,500.43
4185,0.0,500.43
1116,0.037037037037,500.43
3069,0.0,500.43
5022,0.0,500.43
0,0.0,600.14
1953,0.0357142857143,600.14
3906,0.0357142857143,600.14
837,0.0,600.14
2790,0.0,600.14
4743,0.0,600.14
1674,0.0357142857143,600.14
3627,0.0,600.14
5580,0.0,600.14
558,0.142857142857,600.14
2511,0.107142857143,600.14
4464,0.0,600.14
1395,0.0,600.14
3348,0.0357142857143,600.14
5301,0.0,600.14
279,0.535714285714,600.14
2232,0.0714285714286,600.14
4185,0.0,600.14
1116,0.0,600.14
3069,0.0,600.14
5022,0.0,600.14
0,0.0,700.93
1953,0.0,700.93
3906,0.0,700.93
837,0.0357142857143,700.93
2790,0.0,700.93
4743,0.0357142857143,700.93
1674,0.0,700.93
3627,0.0,700.93
5580,0.0,700.93
558,0.214285714286,700.93
2511,0.107142857143,700.93
4464,0.0357142857143,700.93
1395,0.0,700.93
3348,0.0,700.93
5301,0.0,700.93
279,0.428571428571,700.93
2232,0.0714285714286,700.93
4185,0.0,700.93
1116,0.0,700.93
3069,0.0714285714286,700.93
5022,0.0,700.93
0,0.0,800.03
1953,0.0,800.03
3906,0.037037037037,800.03
837,0.0,800.03
2790,0.0,800.03
4743,0.0,800.03
1674,0.037037037037,800.03
3627,0.037037037037,800.03
5580,0.0,800.03
558,0.259259259259,800.03
2511,0.148148148148,800.03
4464,0.0,800.03
1395,0.0,800.03
3348,0.0,800.03
5301,0.037037037037,800.03
279,0.37037037037,800.03
2232,0.0,800.03
4185,0.0,800.03
1116,0.037037037037,800.03
3069,0.037037037037,800.03
5022,0.0,800.03
0,0.0,900.1
1953,0.0384615384615,900.1
3906,0.0384615384615,900.1
837,0.0384615384615,900.1
2790,0.0,900.1
4743,0.0384615384615,900.1
1674,0.0,900.1
3627,0.0,900.1
5580,0.0,900.1
558,0.269230769231,900.1
2511,0.192307692308,900.1
4464,0.0,900.1
1395,0.0384615384615,900.1
3348,0.0,900.1
5301,0.0,900.1
279,0.269230769231,900.1
2232,0.0,900.1
4185,0.0384615384615,900.1
1116,0.0384615384615,900.1
3069,0.0,900.1
5022,0.0,900.1
0,0.0,1000.22
1953,0.0,1000.22
3906,0.0,1000.22
837,0.0,1000.22
2790,0.04,1000.22
4743,0.04,1000.22
1674,0.04,1000.22
3627,0.0,1000.22
5580,0.0,1000.22
558,0.2,1000.22
2511,0.2,1000.22
4464,0.0,1000.22
1395,0.0,1000.22
3348,0.04,1000.22
5301,0.0,1000.22
279,0.28,1000.22
2232,0.04,1000.22
4185,0.0,1000.22
1116,0.08,1000.22
3069,0.0,1000.22
5022,0.04,1000.22
0,0.0,1100.49
1953,0.0416666666667,1100.49
3906,0.0416666666667,1100.49
837,0.0833333333333,1100.49
2790,0.0416666666667,1100.49
4743,0.0,1100.49
1674,0.0416666666667,1100.49
3627,0.0,1100.49
5580,0.0416666666667,1100.49
558,0.0416666666667,1100.49
2511,0.166666666667,1100.49
4464,0.0,1100.49
1395,0.0,1100.49
3348,0.0416666666667,1100.49
5301,0.0,1100.49
279,0.291666666667,1100.49
2232,0.0416666666667,1100.49
4185,0.0416666666667,1100.49
1116,0.0416666666667,1100.49
3069,0.0416666666667,1100.49
5022,0.0,1100.49
0,0.0,1200.01
1953,0.0434782608696,1200.01
3906,0.0,1200.01
837,0.0,1200.01
2790,0.0,1200.01
4743,0.0,1200.01
1674,0.0,1200.01
3627,0.0,1200.01
5580,0.0,1200.01
558,0.0434782608696,1200.01
2511,0.260869565217,1200.01
4464,0.0,1200.01
1395,0.0,1200.01
3348,0.0,1200.01
5301,0.0,1200.01
279,0.304347826087,1200.01
2232,0.0434782608696,1200.01
4185,0.0434782608696,1200.01
1116,0.0434782608696,1200.01
3069,0.130434782609,1200.01
5022,0.0869565217391,1200.01
0,0.0,1300.6
1953,0.0,1300.6
3906,0.0952380952381,1300.6
837,0.0,1300.6
2790,0.047619047619,1300.6
4743,0.0,1300.6
1674,0.047619047619,1300.6
3627,0.0,1300.6
5580,0.0,1300.6
558,0.0,1300.6
2511,0.238095238095,1300.6
4464,0.0,1300.6
1395,0.047619047619,1300.6
3348,0.0,1300.6
5301,0.047619047619,1300.6
279,0.333333333333,1300.6
2232,0.0,1300.6
4185,0.0,1300.6
1116,0.0,1300.6
3069,0.142857142857,1300.6
5022,0.0,1300.6
0,0.0,1400.32
1953,0.0,1400.32
3906,0.0,1400.32
837,0.0322580645161,1400.32
2790,0.0,1400.32
4743,0.0,1400.32
1674,0.0,1400.32
3627,0.0,1400.32
5580,0.0,1400.32
558,0.0,1400.32
2511,0.161290322581,1400.32
4464,0.0,1400.32
1395,0.0322580645161,1400.32
3348,0.0,1400.32
5301,0.0,1400.32
279,0.516129032258,1400.32
2232,0.0,1400.32
4185,0.0322580645161,1400.32
1116,0.0,1400.32
3069,0.161290322581,1400.32
5022,0.0645161290323,1400.32
0,0.0,1500.09
1953,0.0294117647059,1500.09
3906,0.0,1500.09
837,0.0,1500.09
2790,0.0,1500.09
4743,0.0,1500.09
1674,0.0,1500.09
3627,0.0588235294118,1500.09
5580,0.0294117647059,1500.09
558,0.0,1500.09
2511,0.147058823529,1500.09
4464,0.0,1500.09
1395,0.0294117647059,1500.09
3348,0.0,1500.09
5301,0.0,1500.09
279,0.588235294118,1500.09
2232,0.0,1500.09
4185,0.0,1500.09
1116,0.0,1500.09
3069,0.0882352941176,1500.09
5022,0.0294117647059,1500.09
0,0.0,1600.03
1953,0.0,1600.03
3906,0.0,1600.03
837,0.0,1600.03
2790,0.0,1600.03
4743,0.0,1600.03
1674,0.0,1600.03
3627,0.03125,1600.03
5580,0.0,1600.03
558,0.03125,1600.03
2511,0.15625,1600.03
4464,0.0625,1600.03
1395,0.0,1600.03
3348,0.0625,1600.03
5301,0.0,1600.03
279,0.59375,1600.03
2232,0.03125,1600.03
4185,0.0,1600.03
1116,0.0,1600.03
3069,0.03125,1600.03
5022,0.0,1600.03
0,0.0,1700.0
1953,0.0,1700.0
3906,0.0,1700.0
837,0.0,1700.0
2790,0.0,1700.0
4743,0.03125,1700.0
1674,0.0,1700.0
3627,0.03125,1700.0
5580,0.0,1700.0
558,0.0,1700.0
2511,0.15625,1700.0
4464,0.03125,1700.0
1395,0.0,1700.0
3348,0.03125,1700.0
5301,0.03125,1700.0
279,0.5625,1700.0
2232,0.0,1700.0
4185,0.03125,1700.0
1116,0.0625,1700.0
3069,0.03125,1700.0
5022,0.0,1700.0
0,0.0,1800.19
1953,0.0322580645161,1800.19
3906,0.0,1800.19
837,0.0322580645161,1800.19
2790,0.0322580645161,1800.19
4743,0.0967741935484,1800.19
1674,0.0322580645161,1800.19
3627,0.0322580645161,1800.19
5580,0.0,1800.19
558,0.0,1800.19
2511,0.129032258065,1800.19
4464,0.0,1800.19
1395,0.0,1800.19
3348,0.0322580645161,1800.19
5301,0.0,1800.19
279,0.516129032258,1800.19
2232,0.0,1800.19
4185,0.0322580645161,1800.19
1116,0.0322580645161,1800.19
3069,0.0,1800.19
5022,0.0,1800.19
0,0.0,1900.41
1953,0.0333333333333,1900.41
3906,0.0333333333333,1900.41
837,0.0333333333333,1900.41
2790,0.0333333333333,1900.41
4743,0.0666666666667,1900.41
1674,0.0333333333333,1900.41
3627,0.0333333333333,1900.41
5580,0.0,1900.41
558,0.0,1900.41
2511,0.1,1900.41
4464,0.0333333333333,1900.41
1395,0.0,1900.41
3348,0.0333333333333,1900.41
5301,0.0333333333333,1900.41
279,0.466666666667,1900.41
2232,0.0333333333333,1900.41
4185,0.0,1900.41
1116,0.0333333333333,1900.41
3069,0.0,1900.41
5022,0.0,1900.41
0,0.0,2000.0
1953,0.0344827586207,2000.0
3906,0.0,2000.0
837,0.0,2000.0
2790,0.0,2000.0
4743,0.0344827586207,2000.0
1674,0.0,2000.0
3627,0.0344827586207,2000.0
5580,0.0,2000.0
558,0.0344827586207,2000.0
2511,0.172413793103,2000.0
4464,0.0689655172414,2000.0
1395,0.0344827586207,2000.0
3348,0.0,2000.0
5301,0.0344827586207,2000.0
279,0.448275862069,2000.0
2232,0.0,2000.0
4185,0.0344827586207,2000.0
1116,0.0,2000.0
3069,0.0344827586207,2000.0
5022,0.0344827586207,2000.0
0,0.0,2100.02
1953,0.0,2100.02
3906,0.037037037037,2100.02
837,0.0,2100.02
2790,0.0,2100.02
4743,0.037037037037,2100.02
1674,0.0,2100.02
3627,0.0,2100.02
5580,0.037037037037,2100.02
558,0.037037037037,2100.02
2511,0.148148148148,2100.02
4464,0.037037037037,2100.02
1395,0.037037037037,2100.02
3348,0.037037037037,2100.02
5301,0.037037037037,2100.02
279,0.407407407407,2100.02
2232,0.037037037037,2100.02
4185,0.0,2100.02
1116,0.037037037037,2100.02
3069,0.037037037037,2100.02
5022,0.037037037037,2100.02
0,0.0,2200.35
1953,0.03125,2200.35
3906,0.0,2200.35
837,0.0,2200.35
2790,0.0,2200.35
4743,0.03125,2200.35
1674,0.0,2200.35
3627,0.0,2200.35
5580,0.03125,2200.35
558,0.0,2200.35
2511,0.125,2200.35
4464,0.0,2200.35
1395,0.03125,2200.35
3348,0.0,2200.35
5301,0.03125,2200.35
279,0.5625,2200.35
2232,0.03125,2200.35
4185,0.03125,2200.35
1116,0.03125,2200.35
3069,0.0625,2200.35
5022,0.0,2200.35
0,0.0,2300.3
1953,0.030303030303,2300.3
3906,0.030303030303,2300.3
837,0.030303030303,2300.3
2790,0.0,2300.3
4743,0.030303030303,2300.3
1674,0.030303030303,2300.3
3627,0.030303030303,2300.3
5580,0.0,2300.3
558,0.0,2300.3
2511,0.181818181818,2300.3
4464,0.0,2300.3
1395,0.0,2300.3
3348,0.0,2300.3
5301,0.030303030303,2300.3
279,0.606060606061,2300.3
2232,0.0,2300.3
4185,0.0,2300.3
1116,0.0,2300.3
3069,0.0,2300.3
5022,0.0,2300.3
0,0.0,2401.01
1953,0.0,2401.01
3906,0.0,2401.01
837,0.03125,2401.01
2790,0.0,2401.01
4743,0.0,2401.01
1674,0.03125,2401.01
3627,0.0,2401.01
5580,0.0,2401.01
558,0.03125,2401.01
2511,0.1875,2401.01
4464,0.03125,2401.01
1395,0.0,2401.01
3348,0.0,2401.01
5301,0.03125,2401.01
279,0.5625,2401.01
2232,0.0,2401.01
4185,0.03125,2401.01
1116,0.0,2401.01
3069,0.0625,2401.01
5022,0.0,2401.01
0,0.0,2500.02
1953,0.0,2500.02
3906,0.0,2500.02
837,0.0,2500.02
2790,0.0,2500.02
4743,0.0322580645161,2500.02
1674,0.0322580645161,2500.02
3627,0.0645161290323,2500.02
5580,0.0,2500.02
558,0.0,2500.02
2511,0.161290322581,2500.02
4464,0.0,2500.02
1395,0.0322580645161,2500.02
3348,0.0,2500.02
5301,0.0,2500.02
279,0.548387096774,2500.02
2232,0.0322580645161,2500.02
4185,0.0,2500.02
1116,0.0322580645161,2500.02
3069,0.0322580645161,2500.02
5022,0.0322580645161,2500.02
0,0.0,2601.79
1953,0.0322580645161,2601.79
3906,0.0,2601.79
837,0.0,2601.79
2790,0.0,2601.79
4743,0.0,2601.79
1674,0.0,2601.79
3627,0.0322580645161,2601.79
5580,0.0322580645161,2601.79
558,0.0322580645161,2601.79
2511,0.225806451613,2601.79
4464,0.0645161290323,2601.79
1395,0.0322580645161,2601.79
3348,0.0,2601.79
5301,0.0322580645161,2601.79
279,0.516129032258,2601.79
2232,0.0,2601.79
4185,0.0,2601.79
1116,0.0,2601.79
3069,0.0,2601.79
5022,0.0,2601.79
0,0.0,2700.15
1953,0.0,2700.15
3906,0.0,2700.15
837,0.0,2700.15
2790,0.030303030303,2700.15
4743,0.0,2700.15
1674,0.0,2700.15
3627,0.0,2700.15
5580,0.0,2700.15
558,0.0,2700.15
2511,0.212121212121,2700.15
4464,0.030303030303,2700.15
1395,0.0,2700.15
3348,0.0,2700.15
5301,0.030303030303,2700.15
279,0.575757575758,2700.15
2232,0.030303030303,2700.15
4185,0.0,2700.15
1116,0.030303030303,2700.15
3069,0.0,2700.15
5022,0.0606060606061,2700.15
0,0.0,2802.38
1953,0.0294117647059,2802.38
3906,0.0,2802.38
837,0.0,2802.38
2790,0.0294117647059,2802.38
4743,0.0,2802.38
1674,0.0,2802.38
3627,0.0294117647059,2802.38
5580,0.0,2802.38
558,0.0,2802.38
2511,0.176470588235,2802.38
4464,0.0,2802.38
1395,0.0,2802.38
3348,0.0294117647059,2802.38
5301,0.0882352941176,2802.38
279,0.588235294118,2802.38
2232,0.0,2802.38
4185,0.0,2802.38
1116,0.0,2802.38
3069,0.0,2802.38
5022,0.0294117647059,2802.38
0,0.0,2900.28
1953,0.0,2900.28
3906,0.0,2900.28
837,0.0,2900.28
2790,0.0,2900.28
4743,0.0,2900.28
1674,0.0,2900.28
3627,0.030303030303,2900.28
5580,0.0,2900.28
558,0.030303030303,2900.28
2511,0.181818181818,2900.28
4464,0.0,2900.28
1395,0.0,2900.28
3348,0.0,2900.28
5301,0.0909090909091,2900.28
279,0.575757575758,2900.28
2232,0.030303030303,2900.28
4185,0.030303030303,2900.28
1116,0.0,2900.28
3069,0.030303030303,2900.28
5022,0.0,2900.28
0,0.0,3000.52
1953,0.0,3000.52
3906,0.0,3000.52
837,0.0,3000.52
2790,0.030303030303,3000.52
4743,0.030303030303,3000.52
1674,0.0,3000.52
3627,0.030303030303,3000.52
5580,0.030303030303,3000.52
558,0.0,3000.52
2511,0.181818181818,3000.52
4464,0.0,3000.52
1395,0.0,3000.52
3348,0.0,3000.52
5301,0.0606060606061,3000.52
279,0.575757575758,3000.52
2232,0.0,3000.52
4185,0.030303030303,3000.52
1116,0.030303030303,3000.52
3069,0.0,3000.52
5022,0.0,3000.52
0,0.0,3100.34
1953,0.0,3100.34
3906,0.0,3100.34
837,0.0,3100.34
2790,0.0,3100.34
4743,0.03125,3100.34
1674,0.0,3100.34
3627,0.03125,3100.34
5580,0.03125,3100.34
558,0.0,3100.34
2511,0.1875,3100.34
4464,0.0,3100.34
1395,0.03125,3100.34
3348,0.0,3100.34
5301,0.0625,3100.34
279,0.59375,3100.34
2232,0.0,3100.34
4185,0.03125,3100.34
1116,0.0,3100.34
3069,0.0,3100.34
5022,0.0,3100.34
0,0.0,3200.18
1953,0.0333333333333,3200.18
3906,0.0,3200.18
837,0.0,3200.18
2790,0.0333333333333,3200.18
4743,0.0333333333333,3200.18
1674,0.0,3200.18
3627,0.0,3200.18
5580,0.0333333333333,3200.18
558,0.0,3200.18
2511,0.166666666667,3200.18
4464,0.0,3200.18
1395,0.0,3200.18
3348,0.0,3200.18
5301,0.0333333333333,3200.18
279,0.633333333333,3200.18
2232,0.0,3200.18
4185,0.0333333333333,3200.18
1116,0.0,3200.18
3069,0.0,3200.18
5022,0.0,3200.18
0,0.0,3300.49
1953,0.0,3300.49
3906,0.0,3300.49
837,0.0,3300.49
2790,0.0,3300.49
4743,0.0357142857143,3300.49
1674,0.0,3300.49
3627,0.0357142857143,3300.49
5580,0.0,3300.49
558,0.0,3300.49
2511,0.142857142857,3300.49
4464,0.0,3300.49
1395,0.0,3300.49
3348,0.0,3300.49
5301,0.0357142857143,3300.49
279,0.678571428571,3300.49
2232,0.0357142857143,3300.49
4185,0.0,3300.49
1116,0.0,3300.49
3069,0.0357142857143,3300.49
5022,0.0,3300.49
0,0.0,3400.11
1953,0.0,3400.11
3906,0.0344827586207,3400.11
837,0.0,3400.11
2790,0.0,3400.11
4743,0.0,3400.11
1674,0.0,3400.11
3627,0.0,3400.11
5580,0.0344827586207,3400.11
558,0.0,3400.11
2511,0.137931034483,3400.11
4464,0.0,3400.11
1395,0.0,3400.11
3348,0.0,3400.11
5301,0.0,3400.11
279,0.724137931034,3400.11
2232,0.0344827586207,3400.11
4185,0.0344827586207,3400.11
1116,0.0,3400.11
3069,0.0,3400.11
5022,0.0,3400.11
0,0.0,3501.47
1953,0.0,3501.47
3906,0.0,3501.47
837,0.0357142857143,3501.47
2790,0.0,3501.47
4743,0.0357142857143,3501.47
1674,0.0,3501.47
3627,0.0,3501.47
5580,0.0,3501.47
558,0.0,3501.47
2511,0.107142857143,3501.47
4464,0.0357142857143,3501.47
1395,0.0,3501.47
3348,0.0,3501.47
5301,0.0,3501.47
279,0.714285714286,3501.47
2232,0.0357142857143,3501.47
4185,0.0,3501.47
1116,0.0,3501.47
3069,0.0357142857143,3501.47
5022,0.0,3501.47
0,0.0,3600.44
1953,0.0,3600.44
3906,0.0,3600.44
837,0.0333333333333,3600.44
2790,0.0,3600.44
4743,0.0,3600.44
1674,0.0333333333333,3600.44
3627,0.0333333333333,3600.44
5580,0.0,3600.44
558,0.0,3600.44
2511,0.0666666666667,3600.44
4464,0.0,3600.44
1395,0.0,3600.44
3348,0.0,3600.44
5301,0.0333333333333,3600.44
279,0.7,3600.44
2232,0.0333333333333,3600.44
4185,0.0,3600.44
1116,0.0,3600.44
3069,0.0333333333333,3600.44
5022,0.0333333333333,3600.44
0,0.0,3700.21
1953,0.0357142857143,3700.21
3906,0.0,3700.21
837,0.0,3700.21
2790,0.0357142857143,3700.21
4743,0.0,3700.21
1674,0.0,3700.21
3627,0.0357142857143,3700.21
5580,0.0,3700.21
558,0.0,3700.21
2511,0.0357142857143,3700.21
4464,0.0357142857143,3700.21
1395,0.0357142857143,3700.21
3348,0.0,3700.21
5301,0.0,3700.21
279,0.75,3700.21
2232,0.0357142857143,3700.21
4185,0.0,3700.21
1116,0.0,3700.21
3069,0.0,3700.21
5022,0.0,3700.21
0,0.0,3801.29
1953,0.0357142857143,3801.29
3906,0.0,3801.29
837,0.0,3801.29
2790,0.0,3801.29
4743,0.0,3801.29
1674,0.0,3801.29
3627,0.0,3801.29
5580,0.0,3801.29
558,0.0,3801.29
2511,0.0,3801.29
4464,0.0,3801.29
1395,0.0,3801.29
3348,0.0357142857143,3801.29
5301,0.0,3801.29
279,0.75,3801.29
2232,0.0714285714286,3801.29
4185,0.0357142857143,3801.29
1116,0.0,3801.29
3069,0.0357142857143,3801.29
5022,0.0357142857143,3801.29
0,0.0,3901.21
1953,0.0,3901.21
3906,0.0,3901.21
837,0.037037037037,3901.21
2790,0.037037037037,3901.21
4743,0.0,3901.21
1674,0.0,3901.21
3627,0.037037037037,3901.21
5580,0.0,3901.21
558,0.037037037037,3901.21
2511,0.0740740740741,3901.21
4464,0.0,3901.21
1395,0.0,3901.21
3348,0.0,3901.21
5301,0.0,3901.21
279,0.703703703704,3901.21
2232,0.0,3901.21
4185,0.037037037037,3901.21
1116,0.0,3901.21
3069,0.0,3901.21
5022,0.037037037037,3901.21
0,0.0,4000.42
1953,0.0,4000.42
3906,0.0,4000.42
837,0.111111111111,4000.42
2790,0.037037037037,4000.42
4743,0.037037037037,4000.42
1674,0.0,4000.42
3627,0.0,4000.42
5580,0.037037037037,4000.42
558,0.037037037037,4000.42
2511,0.0,4000.42
4464,0.037037037037,4000.42
1395,0.037037037037,4000.42
3348,0.037037037037,4000.42
5301,0.0,4000.42
279,0.555555555556,4000.42
2232,0.0,4000.42
4185,0.0,4000.42
1116,0.037037037037,4000.42
3069,0.037037037037,4000.42
5022,0.0,4000.42
0,0.0,4100.77
1953,0.0769230769231,4100.77
3906,0.0384615384615,4100.77
837,0.0384615384615,4100.77
2790,0.0,4100.77
4743,0.0,4100.77
1674,0.0384615384615,4100.77
3627,0.0,4100.77
5580,0.0,4100.77
558,0.0,4100.77
2511,0.0,4100.77
4464,0.0,4100.77
1395,0.0384615384615,4100.77
3348,0.0384615384615,4100.77
5301,0.0384615384615,4100.77
279,0.538461538462,4100.77
2232,0.0,4100.77
4185,0.0384615384615,4100.77
1116,0.0769230769231,4100.77
3069,0.0,4100.77
5022,0.0384615384615,4100.77
0,0.0,4200.21
1953,0.0,4200.21
3906,0.0,4200.21
837,0.0416666666667,4200.21
2790,0.0416666666667,4200.21
4743,0.0416666666667,4200.21
1674,0.0416666666667,4200.21
3627,0.0,4200.21
5580,0.0,4200.21
558,0.0,4200.21
2511,0.0833333333333,4200.21
4464,0.0416666666667,4200.21
1395,0.0,4200.21
3348,0.0,4200.21
5301,0.0,4200.21
279,0.541666666667,4200.21
2232,0.0416666666667,4200.21
4185,0.0416666666667,4200.21
1116,0.0833333333333,4200.21
3069,0.0,4200.21
5022,0.0,4200.21
0,0.0,4301.24
1953,0.0,4301.24
3906,0.0,4301.24
837,0.0416666666667,4301.24
2790,0.0416666666667,4301.24
4743,0.0,4301.24
1674,0.0,4301.24
3627,0.0,4301.24
5580,0.0416666666667,4301.24
558,0.0,4301.24
2511,0.0,4301.24
4464,0.0416666666667,4301.24
1395,0.0833333333333,4301.24
3348,0.0416666666667,4301.24
5301,0.0,4301.24
279,0.5,4301.24
2232,0.0416666666667,4301.24
4185,0.0,4301.24
1116,0.0416666666667,4301.24
3069,0.0833333333333,4301.24
5022,0.0416666666667,4301.24
0,0.0,4400.54
1953,0.0454545454545,4400.54
3906,0.0454545454545,4400.54
837,0.0454545454545,4400.54
2790,0.0454545454545,4400.54
4743,0.0,4400.54
1674,0.0,4400.54
3627,0.0454545454545,4400.54
5580,0.0,4400.54
558,0.0454545454545,4400.54
2511,0.0,4400.54
4464,0.0,4400.54
1395,0.0,4400.54
3348,0.0454545454545,4400.54
5301,0.0454545454545,4400.54
279,0.454545454545,4400.54
2232,0.0909090909091,4400.54
4185,0.0454545454545,4400.54
1116,0.0454545454545,4400.54
3069,0.0,4400.54
5022,0.0,4400.54
0,0.0,4500.74
1953,0.0,4500.74
3906,0.0769230769231,4500.74
837,0.0,4500.74
2790,0.0,4500.74
4743,0.0384615384615,4500.74
1674,0.0384615384615,4500.74
3627,0.0,4500.74
5580,0.0,4500.74
558,0.0384615384615,4500.74
2511,0.0769230769231,4500.74
4464,0.0384615384615,4500.74
1395,0.0384615384615,4500.74
3348,0.0384615384615,4500.74
5301,0.0,4500.74
279,0.538461538462,4500.74
2232,0.0,4500.74
4185,0.0,4500.74
1116,0.0384615384615,4500.74
3069,0.0384615384615,4500.74
5022,0.0,4500.74
0,0.0,4600.38
1953,0.0555555555556,4600.38
3906,0.0,4600.38
837,0.0277777777778,4600.38
2790,0.0277777777778,4600.38
4743,0.0277777777778,4600.38
1674,0.0,4600.38
3627,0.0277777777778,4600.38
5580,0.0,4600.38
558,0.0277777777778,4600.38
2511,0.0,4600.38
4464,0.0555555555556,4600.38
1395,0.0277777777778,4600.38
3348,0.0277777777778,4600.38
5301,0.0277777777778,4600.38
279,0.638888888889,4600.38
2232,0.0,4600.38
4185,0.0,4600.38
1116,0.0,4600.38
3069,0.0277777777778,4600.38
5022,0.0,4600.38
0,0.0,4702.39
1953,0.0277777777778,4702.39
3906,0.0277777777778,4702.39
837,0.0277777777778,4702.39
2790,0.0277777777778,4702.39
4743,0.0277777777778,4702.39
1674,0.0,4702.39
3627,0.0,4702.39
5580,0.0,4702.39
558,0.0,4702.39
2511,0.0277777777778,4702.39
4464,0.0,4702.39
1395,0.0277777777778,4702.39
3348,0.0555555555556,4702.39
5301,0.0277777777778,4702.39
279,0.666666666667,4702.39
2232,0.0,4702.39
4185,0.0277777777778,4702.39
1116,0.0,4702.39
3069,0.0,4702.39
5022,0.0277777777778,4702.39
0,0.0,4800.14
1953,0.0285714285714,4800.14
3906,0.0285714285714,4800.14
837,0.0,4800.14
2790,0.0285714285714,4800.14
4743,0.0,4800.14
1674,0.0,4800.14
3627,0.0,4800.14
5580,0.0285714285714,4800.14
558,0.0285714285714,4800.14
2511,0.0285714285714,4800.14
4464,0.0285714285714,4800.14
1395,0.0285714285714,4800.14
3348,0.0285714285714,4800.14
5301,0.0285714285714,4800.14
279,0.657142857143,4800.14
2232,0.0,4800.14
4185,0.0,4800.14
1116,0.0,4800.14
3069,0.0285714285714,4800.14
5022,0.0285714285714,4800.14
0,0.0,4900.17
1953,0.0285714285714,4900.17
3906,0.0285714285714,4900.17
837,0.0,4900.17
2790,0.0,4900.17
4743,0.0,4900.17
1674,0.0,4900.17
3627,0.0285714285714,4900.17
5580,0.0,4900.17
558,0.0285714285714,4900.17
2511,0.0285714285714,4900.17
4464,0.0285714285714,4900.17
1395,0.0,4900.17
3348,0.0285714285714,4900.17
5301,0.0285714285714,4900.17
279,0.685714285714,4900.17
2232,0.0,4900.17
4185,0.0,4900.17
1116,0.0285714285714,4900.17
3069,0.0285714285714,4900.17
5022,0.0285714285714,4900.17
0,0.0,5000.15
1953,0.0,5000.15
3906,0.0,5000.15
837,0.0,5000.15
2790,0.0,5000.15
4743,0.0,5000.15
1674,0.0,5000.15
3627,0.030303030303,5000.15
5580,0.0,5000.15
558,0.0,5000.15
2511,0.0,5000.15
4464,0.0,5000.15
1395,0.030303030303,5000.15
3348,0.030303030303,5000.15
5301,0.0,5000.15
279,0.727272727273,5000.15
2232,0.030303030303,5000.15
4185,0.0606060606061,5000.15
1116,0.030303030303,5000.15
3069,0.030303030303,5000.15
5022,0.030303030303,5000.15
0,0.0,5100.23
1953,0.0,5100.23
3906,0.0232558139535,5100.23
837,0.0,5100.23
2790,0.0232558139535,5100.23
4743,0.0232558139535,5100.23
1674,0.0232558139535,5100.23
3627,0.0,5100.23
5580,0.0,5100.23
558,0.0232558139535,5100.23
2511,0.0,5100.23
4464,0.0232558139535,5100.23
1395,0.0232558139535,5100.23
3348,0.0232558139535,5100.23
5301,0.0232558139535,5100.23
279,0.767441860465,5100.23
2232,0.0,5100.23
4185,0.0232558139535,5100.23
1116,0.0,5100.23
3069,0.0,5100.23
5022,0.0,5100.23
0,0.0,5200.55
1953,0.0217391304348,5200.55
3906,0.0217391304348,5200.55
837,0.0217391304348,5200.55
2790,0.0,5200.55
4743,0.0217391304348,5200.55
1674,0.0217391304348,5200.55
3627,0.0,5200.55
5580,0.0,5200.55
558,0.0217391304348,5200.55
2511,0.0,5200.55
4464,0.0,5200.55
1395,0.0,5200.55
3348,0.0,5200.55
5301,0.0217391304348,5200.55
279,0.782608695652,5200.55
2232,0.0,5200.55
4185,0.0217391304348,5200.55
1116,0.0,5200.55
3069,0.0217391304348,5200.55
5022,0.0217391304348,5200.55
0,0.0,5300.89
1953,0.0,5300.89
3906,0.0,5300.89
837,0.0,5300.89
2790,0.0,5300.89
4743,0.0217391304348,5300.89
1674,0.0,5300.89
3627,0.0,5300.89
5580,0.0,5300.89
558,0.0,5300.89
2511,0.0217391304348,5300.89
4464,0.0217391304348,5300.89
1395,0.0,5300.89
3348,0.0217391304348,5300.89
5301,0.0434782608696,5300.89
279,0.782608695652,5300.89
2232,0.0217391304348,5300.89
4185,0.0,5300.89
1116,0.0434782608696,5300.89
3069,0.0,5300.89
5022,0.0217391304348,5300.89
0,0.0,5400.83
1953,0.0,5400.83
3906,0.0227272727273,5400.83
837,0.0,5400.83
2790,0.0227272727273,5400.83
4743,0.0227272727273,5400.83
1674,0.0227272727273,5400.83
3627,0.0,5400.83
5580,0.0,5400.83
558,0.0227272727273,5400.83
2511,0.0227272727273,5400.83
4464,0.0,5400.83
1395,0.0227272727273,5400.83
3348,0.0,5400.83
5301,0.0227272727273,5400.83
279,0.795454545455,5400.83
2232,0.0,5400.83
4185,0.0,5400.83
1116,0.0,5400.83
3069,0.0,5400.83
5022,0.0227272727273,5400.83
0,0.0,5501.25
1953,0.0232558139535,5501.25
3906,0.0,5501.25
837,0.0232558139535,5501.25
2790,0.0,5501.25
4743,0.0,5501.25
1674,0.0232558139535,5501.25
3627,0.0,5501.25
5580,0.0232558139535,5501.25
558,0.0,5501.25
2511,0.0,5501.25
4464,0.0,5501.25
1395,0.0,5501.25
3348,0.0232558139535,5501.25
5301,0.0,5501.25
279,0.813953488372,5501.25
2232,0.0,5501.25
4185,0.0232558139535,5501.25
1116,0.0,5501.25
3069,0.0232558139535,5501.25
5022,0.0232558139535,5501.25
0,0.0,5600.79
1953,0.0,5600.79
3906,0.0,5600.79
837,0.0,5600.79
2790,0.0,5600.79
4743,0.0243902439024,5600.79
1674,0.0,5600.79
3627,0.0243902439024,5600.79
5580,0.0,5600.79
558,0.0,5600.79
2511,0.0243902439024,5600.79
4464,0.0,5600.79
1395,0.0,5600.79
3348,0.0243902439024,5600.79
5301,0.0,5600.79
279,0.853658536585,5600.79
2232,0.0243902439024,5600.79
4185,0.0,5600.79
1116,0.0243902439024,5600.79
3069,0.0,5600.79
5022,0.0,5600.79
0,0.0,5700.09
1953,0.0,5700.09
3906,0.0243902439024,5700.09
837,0.0,5700.09
2790,0.0487804878049,5700.09
4743,0.0,5700.09
1674,0.0243902439024,5700.09
3627,0.0,5700.09
5580,0.0,5700.09
558,0.0,5700.09
2511,0.0,5700.09
4464,0.0,5700.09
1395,0.0,5700.09
3348,0.0,5700.09
5301,0.0,5700.09
279,0.853658536585,5700.09
2232,0.0,5700.09
4185,0.0243902439024,5700.09
1116,0.0,5700.09
3069,0.0,5700.09
5022,0.0243902439024,5700.09
0,0.0,5800.98
1953,0.025,5800.98
3906,0.0,5800.98
837,0.0,5800.98
2790,0.0,5800.98
4743,0.0,5800.98
1674,0.0,5800.98
3627,0.0,5800.98
5580,0.0,5800.98
558,0.0,5800.98
2511,0.0,5800.98
4464,0.025,5800.98
1395,0.0,5800.98
3348,0.025,5800.98
5301,0.0,5800.98
279,0.875,5800.98
2232,0.0,5800.98
4185,0.025,5800.98
1116,0.0,5800.98
3069,0.025,5800.98
5022,0.0,5800.98
0,0.0,5902.65
1953,0.0,5902.65
3906,0.0,5902.65
837,0.0,5902.65
2790,0.0,5902.65
4743,0.0243902439024,5902.65
1674,0.0,5902.65
3627,0.0487804878049,5902.65
5580,0.0,5902.65
558,0.0243902439024,5902.65
2511,0.0243902439024,5902.65
4464,0.0243902439024,5902.65
1395,0.0,5902.65
3348,0.0,5902.65
5301,0.0,5902.65
279,0.853658536585,5902.65
2232,0.0,5902.65
4185,0.0,5902.65
1116,0.0,5902.65
3069,0.0,5902.65
5022,0.0,5902.65
0,0.0,6000.5
1953,0.0,6000.5
3906,0.0243902439024,6000.5
837,0.0243902439024,6000.5
2790,0.0243902439024,6000.5
4743,0.0,6000.5
1674,0.0,6000.5
3627,0.0,6000.5
5580,0.0,6000.5
558,0.0,6000.5
2511,0.0,6000.5
4464,0.0,6000.5
1395,0.0,6000.5
3348,0.0,6000.5
5301,0.0487804878049,6000.5
279,0.829268292683,6000.5
2232,0.0,6000.5
4185,0.0243902439024,6000.5
1116,0.0243902439024,6000.5
3069,0.0,6000.5
5022,0.0,6000.5
0,0.0,6100.03
1953,0.0,6100.03
3906,0.025,6100.03
837,0.0,6100.03
2790,0.0,6100.03
4743,0.025,6100.03
1674,0.025,6100.03
3627,0.0,6100.03
5580,0.025,6100.03
558,0.0,6100.03
2511,0.0,6100.03
4464,0.0,6100.03
1395,0.025,6100.03
3348,0.0,6100.03
5301,0.0,6100.03
279,0.85,6100.03
2232,0.0,6100.03
4185,0.0,6100.03
1116,0.0,6100.03
3069,0.025,6100.03
5022,0.0,6100.03
0,0.0,6201.13
1953,0.025641025641,6201.13
3906,0.0,6201.13
837,0.025641025641,6201.13
2790,0.0,6201.13
4743,0.0,6201.13
1674,0.025641025641,6201.13
3627,0.025641025641,6201.13
5580,0.0,6201.13
558,0.025641025641,6201.13
2511,0.0,6201.13
4464,0.0,6201.13
1395,0.0,6201.13
3348,0.0,6201.13
5301,0.025641025641,6201.13
279,0.820512820513,6201.13
2232,0.0,6201.13
4185,0.025641025641,6201.13
1116,0.0,6201.13
3069,0.0,6201.13
5022,0.0,6201.13
0,0.0,6302.37
1953,0.025641025641,6302.37
3906,0.0,6302.37
837,0.0512820512821,6302.37
2790,0.0,6302.37
4743,0.0,6302.37
1674,0.0,6302.37
3627,0.0,6302.37
5580,0.025641025641,6302.37
558,0.0,6302.37
2511,0.0,6302.37
4464,0.025641025641,6302.37
1395,0.0,6302.37
3348,0.0,6302.37
5301,0.0,6302.37
279,0.794871794872,6302.37
2232,0.025641025641,6302.37
4185,0.025641025641,6302.37
1116,0.025641025641,6302.37
3069,0.0,6302.37
5022,0.0,6302.37
0,0.0,6400.12
1953,0.0,6400.12
3906,0.0,6400.12
837,0.0263157894737,6400.12
2790,0.0263157894737,6400.12
4743,0.0526315789474,6400.12
1674,0.0263157894737,6400.12
3627,0.0,6400.12
5580,0.0,6400.12
558,0.0263157894737,6400.12
2511,0.0263157894737,6400.12
4464,0.0,6400.12
1395,0.0526315789474,6400.12
3348,0.0,6400.12
5301,0.0,6400.12
279,0.763157894737,6400.12
2232,0.0,6400.12
4185,0.0,6400.12
1116,0.0,6400.12
3069,0.0,6400.12
5022,0.0,6400.12
0,0.0,6500.13
1953,0.0,6500.13
3906,0.0,6500.13
837,0.0,6500.13
2790,0.0263157894737,6500.13
4743,0.0,6500.13
1674,0.0526315789474,6500.13
3627,0.0,6500.13
5580,0.0,6500.13
558,0.0,6500.13
2511,0.0,6500.13
4464,0.0,6500.13
1395,0.0,6500.13
3348,0.0,6500.13
5301,0.0,6500.13
279,0.763157894737,6500.13
2232,0.0263157894737,6500.13
4185,0.0,6500.13
1116,0.0526315789474,6500.13
3069,0.0263157894737,6500.13
5022,0.0526315789474,6500.13
0,0.0,6600.01
1953,0.0263157894737,6600.01
3906,0.0,6600.01
837,0.0,6600.01
2790,0.0,6600.01
4743,0.0,6600.01
1674,0.0,6600.01
3627,0.0263157894737,6600.01
5580,0.0526315789474,6600.01
558,0.0263157894737,6600.01
2511,0.0263157894737,6600.01
4464,0.0,6600.01
1395,0.0526315789474,6600.01
3348,0.0,6600.01
5301,0.0,6600.01
279,0.736842105263,6600.01
2232,0.0263157894737,6600.01
4185,0.0,6600.01
1116,0.0,6600.01
3069,0.0263157894737,6600.01
5022,0.0,6600.01
0,0.0,6700.16
1953,0.0,6700.16
3906,0.027027027027,6700.16
837,0.027027027027,6700.16
2790,0.027027027027,6700.16
4743,0.0,6700.16
1674,0.0540540540541,6700.16
3627,0.0,6700.16
5580,0.027027027027,6700.16
558,0.0,6700.16
2511,0.027027027027,6700.16
4464,0.0,6700.16
1395,0.0,6700.16
3348,0.027027027027,6700.16
5301,0.0,6700.16
279,0.756756756757,6700.16
2232,0.027027027027,6700.16
4185,0.0,6700.16
1116,0.0,6700.16
3069,0.0,6700.16
5022,0.0,6700.16
0,0.0,6801.33
1953,0.0,6801.33
3906,0.0277777777778,6801.33
837,0.0,6801.33
2790,0.0277777777778,6801.33
4743,0.0,6801.33
1674,0.0,6801.33
3627,0.0,6801.33
5580,0.0,6801.33
558,0.0,6801.33
2511,0.0,6801.33
4464,0.0277777777778,6801.33
1395,0.0277777777778,6801.33
3348,0.0555555555556,6801.33
5301,0.0,6801.33
279,0.777777777778,6801.33
2232,0.0555555555556,6801.33
4185,0.0,6801.33
1116,0.0,6801.33
3069,0.0,6801.33
5022,0.0,6801.33
0,0.0,6902.21
1953,0.0277777777778,6902.21
3906,0.0,6902.21
837,0.0,6902.21
2790,0.0277777777778,6902.21
4743,0.0277777777778,6902.21
1674,0.0,6902.21
3627,0.0277777777778,6902.21
5580,0.0,6902.21
558,0.0277777777778,6902.21
2511,0.0277777777778,6902.21
4464,0.0,6902.21
1395,0.0,6902.21
3348,0.0277777777778,6902.21
5301,0.0,6902.21
279,0.75,6902.21
2232,0.0,6902.21
4185,0.0277777777778,6902.21
1116,0.0,6902.21
3069,0.0,6902.21
5022,0.0277777777778,6902.21
0,0.0,7001.86
1953,0.0,7001.86
3906,0.0,7001.86
837,0.0277777777778,7001.86
2790,0.0277777777778,7001.86
4743,0.0,7001.86
1674,0.0,7001.86
3627,0.0277777777778,7001.86
5580,0.0277777777778,7001.86
558,0.0833333333333,7001.86
2511,0.0,7001.86
4464,0.0277777777778,7001.86
1395,0.0,7001.86
3348,0.0277777777778,7001.86
5301,0.0,7001.86
279,0.666666666667,7001.86
2232,0.0277777777778,7001.86
4185,0.0277777777778,7001.86
1116,0.0,7001.86
3069,0.0,7001.86
5022,0.0277777777778,7001.86
0,0.0,7101.86
1953,0.0,7101.86
3906,0.0,7101.86
837,0.0285714285714,7101.86
2790,0.0285714285714,7101.86
4743,0.0285714285714,7101.86
1674,0.0,7101.86
3627,0.0285714285714,7101.86
5580,0.0,7101.86
558,0.0857142857143,7101.86
2511,0.0,7101.86
4464,0.0285714285714,7101.86
1395,0.0,7101.86
3348,0.0,7101.86
5301,0.0285714285714,7101.86
279,0.657142857143,7101.86
2232,0.0,7101.86
4185,0.0285714285714,7101.86
1116,0.0285714285714,7101.86
3069,0.0285714285714,7101.86
5022,0.0,7101.86
0,0.0,7202.61
1953,0.0,7202.61
3906,0.0243902439024,7202.61
837,0.0,7202.61
2790,0.0,7202.61
4743,0.0,7202.61
1674,0.0243902439024,7202.61
3627,0.0243902439024,7202.61
5580,0.0,7202.61
558,0.0975609756098,7202.61
2511,0.0,7202.61
4464,0.0243902439024,7202.61
1395,0.0243902439024,7202.61
3348,0.0,7202.61
5301,0.0243902439024,7202.61
279,0.707317073171,7202.61
2232,0.0,7202.61
4185,0.0,7202.61
1116,0.0,7202.61
3069,0.0243902439024,7202.61
5022,0.0243902439024,7202.61
